曲名,EXPERT判定,CHALLENGE判定
月光乱舞,クリア済み,未クリア(E)
混乱少女♥そふらんちゃん!!,クリア済み,クリア済み
最速最高シャッターガール,クリア済み,未クリア(E)
逆月,クリア済み,未クリア(E)
灼熱Beach Side Bunny,クリア済み,クリア済み
灼熱 Pt.2 Long Train Running,クリア済み,未クリア(E)
シュレーディンガーの猫,クリア済み,未クリア(E)
スカーレット警察のゲットーパトロール24時,クリア済み,クリア済み
トランスダンスアナーキー,クリア済み,未クリア(E)
嘆きの樹,クリア済み,未クリア(E)
ハイテックトキオ,クリア済み,クリア済み
伐折羅-vajra-,クリア済み,未クリア(E)
バンブーソード・ガール,クリア済み,クリア済み
び,クリア済み,クリア済み
鳳,クリア済み,未クリア(E)
ミカヅキ:コネクト,クリア済み,未クリア(E)
冥,クリア済み,クリア済み
量子の海のリントヴルム,クリア済み,未クリア(E)
海神,クリア済み,クリア済み
ACE FOR ACES,クリア済み,クリア済み
actualization of self (weaponized),クリア済み,未クリア(E)
Air Heroes,クリア済み,クリア済み
Ambivalent Vermilia,クリア済み,クリア済み
Anti-Matter,クリア済み,クリア済み
Astrogazer,クリア済み,未クリア(E)
Avenger,クリア済み,未クリア(E)
Bad Maniacs,クリア済み,未クリア(E)
Battle Against a True Hero,クリア済み,クリア済み
BITTER CHOCOLATE STRIKER,クリア済み,クリア済み
Black Emperor,クリア済み,未クリア(E)
Blew My Mind,クリア済み,未クリア(E)
BREAKING THE FUTURE,クリア済み,未クリア(E)
Come to Life,クリア済み,クリア済み
Come To m1dy,クリア済み,クリア済み
COSMIC V3LOCITY,未クリア(E),クリア済み
Cosy Catastrophe,クリア済み,クリア済み
CRAZY♥LOVE,クリア済み,未クリア(E)
"DEAD END (""GROOVE RADAR"" Special)",クリア済み,クリア済み
DIAVOLO,クリア済み,クリア済み
DIGITALIZER,クリア済み,未クリア(E)
EGOISM 440,クリア済み,未クリア(E)
Elemental Creation,クリア済み,未クリア(E)
ENDYMION,未クリア(E),未クリア(E)
Eon Break,クリア済み,クリア済み
Fascination ～eternal love mix～,クリア済み,クリア済み
Fascination MAXX,クリア済み,クリア済み
First Time,クリア済み,クリア済み
Fly Like You,クリア済み,未クリア(E)
Glitch Angel,クリア済み,クリア済み
Go For The Top,クリア済み,クリア済み
HAPPY☆LUCKY☆YEAPPY,クリア済み,クリア済み
Healing-D-Vision,クリア済み,クリア済み
High & Low,クリア済み,クリア済み
HyperTwist,クリア済み,未クリア(E)
Lachryma《Re:Queen’M》,未クリア(E),クリア済み
Lightspeed,クリア済み,未クリア(E)
MAXX UNLIMITED(X-Special),クリア済み,クリア済み
MAX.(period),クリア済み,未クリア(E)
MAX 360,クリア済み,未クリア(E)
Megalara Garuda,クリア済み,クリア済み
MEGALOVANIA,クリア済み,クリア済み
Neutrino,クリア済み,未クリア(E)
New Century,クリア済み,未クリア(E)
New Decade,クリア済み,未クリア(E)
New Era,クリア済み,クリア済み
New Millennium,クリア済み,未クリア(E)
NGO,クリア済み,クリア済み
Over The “Period”,クリア済み,未クリア(E)
PARANOiA ～HADES～,クリア済み,未クリア(E)
PARANOiA Revolution,クリア済み,未クリア(E)
Plan 8,クリア済み,クリア済み
Pluto Relinquish,クリア済み,クリア済み
Pluto The First,クリア済み,クリア済み
POSSESSION,クリア済み,未クリア(E)
POSSESSION (20th Anniversary Mix),クリア済み,未クリア(E)
Prey,クリア済み,クリア済み
REINCARNATION,未クリア(E),クリア済み
Remain,クリア済み,未クリア(E)
Rise As One,未クリア(E),クリア済み
SISYPHUS,クリア済み,未クリア(E)
suspicions,クリア済み,クリア済み
The World Ends Now,クリア済み,未クリア(E)
Timepiece phase Ⅱ,クリア済み,クリア済み
Tohoku EVOLVED,クリア済み,未クリア(E)
Trigger,クリア済み,クリア済み
Triple Journey -TAG EDITION-,クリア済み,未クリア(E)
TRIP MACHINE EVOLUTION,クリア済み,未クリア(E)
UNBELIEVABLE (Sparky remix),クリア済み,未クリア(E)
Valanga,クリア済み,クリア済み
Valkyrie dimension,クリア済み,未クリア(E)
VOLAQUAS,未クリア(E),クリア済み
Yuni's Nocturnal Days,クリア済み,クリア済み
ZETA～素数の世界と超越者～,クリア済み,クリア済み
1116,クリア済み,クリア済み
888,クリア済み,クリア済み
IX,クリア済み,クリア済み
